paper_id,title,year,authors,venue,cluster_id,cluster_label,sub_id,sub_label
e340d585dc57432db4a6ce60c558a06babe42b4b,A Hierarchical Approach for Advanced Persistent Threat Detection with Attention-Based Graph Neural Networks,2021,Zitong Li; Xiang Cheng; Lixiao Sun; Ji Zhang; Bing Chen,Secur. Commun. Networks,5,Provenance Graphs & Attack Forensics,2,Detection & Classification
fe6ea488803963ebb83a49a4ed7a21e613c37f52,A multi-layer approach for advanced persistent threat detection using machine learning based on network traffic,2021,Cho Do Xuan; Duc Duong; Xuan Dau Hoang,Journal of Intelligent & Fuzzy Systems,4,Financial Theft & Ransomware Operations,2,Defense & Mitigation
fd8f26c7eed86bb72a5c4c5d293ad8b1454a55da,AI Powered Threat Detection in Cybersecurity,2021,Goutham Sunkara,International journal of humanities and information technology,2,Threat Intelligence & Kill Chain Modeling,2,Defense & Mitigation
ab0634b369ff37412c111c3c3a9386c37ea44237,ANUBIS: a provenance graph-based framework for advanced persistent threat detection,2021,Md. Monowar Anjum; Shahrear Iqbal; B. Hamelin,ACM Symposium on Applied Computing,5,Provenance Graphs & Attack Forensics,2,Detection & Classification
ffffd7609b92b935bf987d5d39cc5f722f0ec620,Advanced Persistent Threat Detection: A Survey,2021,Adam Khalid; A. Zainal; Mohd Aizaini Maarof; Fuad A. Ghaleb,"International Conference on Cybernetics, Robotics and Control",4,Financial Theft & Ransomware Operations,2,Defense & Mitigation
ace4e9301779a2510babcaf1bf450f6b9682191e,Advancements in Cloud Security: Leveraging Machine Learning for Threat Detection,2021,Dr. Samuel Green,Universal Research Reports,1,Zero-Day Exploits & Vulnerability Analysis,1,Zero-Day Exploits & Vulnerability Analysis
2117e0ae0881777288918e3c80f866d70efe5faa,Attribution Classification Method of APT Malware in IoT Using Machine Learning Techniques,2021,Shudong Li; Qianqing Zhang; Xiaobo Wu; Weihong Han; Zhihong Tian,Secur. Commun. Networks,7,ML-Based Intrusion Detection Systems,2,Defense & Mitigation
8e958366c0e5242a50da12cab839ba4420f7e02c,DMAPT: Study of Data Mining and Machine Learning Techniques in Advanced Persistent Threat Attribution and Detection,2021,P. Charan; P. Anand; S. Shukla,Artificial Intelligence,3,Malware Analysis & Reverse Engineering,1,Detection & Classification
ad86ee5ff484fa8f6e4475237b855c881d1fb012,Defense Against Advanced Persistent Threats in Smart Grids: A Reinforcement Learning Approach,2021,Baifeng Ning; Liang Xiao,Cybersecurity and Cyberforensics Conference,7,ML-Based Intrusion Detection Systems,2,Defense & Mitigation
b669487122f3ef6f5775d93bbee13c845a895419,Detection of Advanced Persistent Threat based on Kill Chain Node Mapping and LSTM,2021,Juefu Li,EITCE,4,Financial Theft & Ransomware Operations,2,Defense & Mitigation
7d006306c329d287c338d3dc9281502177b7b780,Detection of Advanced Persistent Threats using Artificial Intelligence for Deep Packet Inspection,2021,A. Dijk,2021 IEEE International Conference on Big Data (Big Data),7,ML-Based Intrusion Detection Systems,1,Detection & Classification
73952038b33fb9d69fc5ac58a25c1fa196eab07a,Detection of Malicious Binaries by Applying Machine Learning Models on Static and Dynamic Artefacts,2021,Anantha Rao Chukka; V. Devi,"International Conference on Internet of Things, Big Data and Security",3,Malware Analysis & Reverse Engineering,1,Detection & Classification
4ad5bf0d924c4d042e1ea6b873bcdfd3623422ba,Near-real-time Anomaly Detection in Encrypted Traffic using Machine Learning Techniques,2021,Daniele Ucci; Filippo Sobrero; F. Bisio; Matteo Zorzino,IEEE Symposium Series on Computational Intelligence,4,Financial Theft & Ransomware Operations,1,Detection & Classification
31811be880ca8b25232944a3f5700c9685d3bb31,Optimization of APT attack detection based on a model combining ATTENTION and deep learning,2021,Cho Do Xuan; Duc Duong,Journal of Intelligent & Fuzzy Systems,7,ML-Based Intrusion Detection Systems,1,Detection & Classification
a78beef2be0161a012557ff25fc4a605a313eea1,RDP-based Lateral Movement detection using Machine Learning,2021,Tim Bai; Haibo Bian; M. A. Salahuddin; Abbas Abou Daya; N. Limam; R. Boutaba,Computer Communications,4,Financial Theft & Ransomware Operations,2,Defense & Mitigation
cd407ba05124e23daf49cda956247697a88af2e9,SBI Model for the Detection of Advanced Persistent Threat Based on Strange Behavior of Using Credential Dumping Technique,2021,Nachaat Mohamed; B. Belaton,IEEE Access,4,Financial Theft & Ransomware Operations,2,Defense & Mitigation
9ea6ee1ecf4e9eebc456cc9a777eb53f861307ec,SecKG: Leveraging attack detection and prediction using knowledge graphs,2021,Siwar Kriaa; Yahia Chaabane,"International Conference on Information, Communications and Signal Processing",5,Provenance Graphs & Attack Forensics,1,Defense & Mitigation
2649ad52cc3af96b8f9e228b9af68d2f00796c12,The Influences of Feature Sets on the Detection of Advanced Persistent Threats,2021,Katharina Hofer-Schmitz; U. Kleb; Branka Stojanović,Electronics,4,Financial Theft & Ransomware Operations,1,Detection & Classification
9b5ef1409f1d576335f71f6a849b4624dfa3c626,VPN-nonVPN Traffic Classification Using Deep Reinforced Naive Bayes and Fuzzy K-means Clustering,2021,Abhishek Gupta,International Conference on Distributed Computing Systems Workshops,4,Financial Theft & Ransomware Operations,1,Detection & Classification
d3144e4c42900f0f249611f94f83dbf91a58fba0,A DNS-based Data Exfiltration Traffic Detection Method for Unknown Samples,2022,Ruiling Gan; Jiawen Diao; Xiang Cui; Shouyou Song,International Conference on Data Science in Cyberspace,4,Financial Theft & Ransomware Operations,1,Detection & Classification
26e67035c7de94527c6eea678fb5ee8c3a73aed2,A Review on Machine Learning based Security Approaches in Intrusion Detection System,2022,D. N. P. Suthishni; K. S. S. Kumar,International Conference on Computing for Sustainable Global Development,7,ML-Based Intrusion Detection Systems,1,Detection & Classification
905b1a067943ff7e00fd901d4d72307eed78f569,A Survey on Blockchain and Artificial Intelligence Technologies for Enhancing Security and Privacy in Smart Environments,2022,Oumaima Fadi; Karim Zkik; A. E. Ghazi; M. Boulmalf,IEEE Access,1,Zero-Day Exploits & Vulnerability Analysis,1,Zero-Day Exploits & Vulnerability Analysis
dfb8d8f09d55e77605c91a52db11a86086132f71,AI-enabled threat intelligence for early detection of intrusions in U.S. federal information systems,2022,Clifford Godwin Amomo,International Journal of Science and Research Archive,2,Threat Intelligence & Kill Chain Modeling,2,Defense & Mitigation
c623059e9c9b2bae4d5661e6e99ddea276f6d07a,AISLE: Self-supervised Representation Learning for the Investigation of Advanced Persistent Threat,2022,Zian Jia; Xiaosu Wang; Yun Xiong; Yao Zhang; Jinjing Zhao,International Conference on Data Science in Cyberspace,5,Provenance Graphs & Attack Forensics,2,Detection & Classification
9bca1d48aed66ed8e8f3d412b239928b4c7cb56e,APT-Attack Detection Based on Multi-Stage Autoencoders,2022,H. Neuschmied; M. Winter; Branka Stojanović; Katharina Hofer-Schmitz; Josip Bozic; U. Kleb,Applied Sciences,7,ML-Based Intrusion Detection Systems,1,Detection & Classification
9e7f87f834d7e0df52524bb660829c040e881c2c,An Intelligent System to Detect Advanced Persistent Threats in Industrial Internet of Things (I-IoT),2022,Safdar Hussain Javed; M. Ahmad; Muhammad Asif; Sultan H. Almotiri; Khalid Masood; Mohammad A. Al Ghamdi,Electronics,7,ML-Based Intrusion Detection Systems,2,Defense & Mitigation
cc6f7cda0ad7ee1e0c4354d124af24367e344d5d,Combating Advanced Persistent Threats for Imminent Low Earth Orbit Cognitive Communications Systems,2022,Suzanna Lamar; J. Gosselin; Lisa Happel; A. Jayasumana,IEEE Systems Conference,7,ML-Based Intrusion Detection Systems,2,Defense & Mitigation
cb55948de95742ef8e9d3b2b923eaf4286184674,Cross-Layer Threat Detection Framework For Multi-Domain Apts Using Network Telemetry And Data Mining,2022,R. Sugumar,Mathematical Statistician and Engineering Applications,4,Financial Theft & Ransomware Operations,2,Defense & Mitigation
bff00da03a31bd2f4bec9f878bfdfe672c1529e3,Fast Detection of Advanced Persistent Threats for Smart Grids: A Deep Reinforcement Learning Approach,2022,Shih-an Yu,ICC 2022 - IEEE International Conference on Communications,7,ML-Based Intrusion Detection Systems,2,Defense & Mitigation
995cfa45f5d6a83d83bdf23c89d513bb64574db0,Improving Performance of Machine Learning based Detection of Network Steganography in Industrial Control Systems,2022,T. Neubert; Antonio José Caballero Morcillo; C. Vielhauer,ARES,7,ML-Based Intrusion Detection Systems,2,Defense & Mitigation
67f5f7bd79362f3bd562cb0be5de7d49b1276576,Machine Learning-Enabled IoT Security: Open Issues and Challenges Under Advanced Persistent Threats,2022,Zhiyan Chen; Jinxin Liu; Yuling Shen; Murat Simsek; B. Kantarci; H. Mouftah; P. Djukic,ACM Computing Surveys,7,ML-Based Intrusion Detection Systems,2,Defense & Mitigation
7e87fa26e37b87268804d90bc18e1480d01c2f5a,Memory Forensics-Based Malware Detection Using Computer Vision and Machine Learning,2022,Syed Shakir Hameed Shah; A. R. Ahmad; N. Jamil; Atta ur Rehman Khan,Electronics,3,Malware Analysis & Reverse Engineering,1,Detection & Classification
d6f23e4dbe8bfdd11543f1f17941306c88e9c61d,Prior Knowledge based Advanced Persistent Threats Detection for IoT in a Realistic Benchmark,2022,Jinxin Liu; Yuling Shen; Murat Simsek; B. Kantarci; H. Mouftah; Mehran Bagheri; P. Djukic,Global Communications Conference,7,ML-Based Intrusion Detection Systems,2,Defense & Mitigation
fe24ac80b19f4e20fbc6de3e7dca704ef393826e,Real-Time Adaptive Framework for Behavioural Malware Detection in Evolving Threat Environments,2022,E. Kesavan,International Journal of Scientific Research and Modern Technology,3,Malware Analysis & Reverse Engineering,1,Detection & Classification
e84895c16ce97f5eec10f80938d0a0997098dbe2,Transport and Application Layer DDoS Attacks Detection to IoT Devices by Using Machine Learning and Deep Learning Models,2022,Josue Genaro Almaraz-Rivera; J. A. P. Díaz; J. A. Cantoral-Ceballos,Italian National Conference on Sensors,7,ML-Based Intrusion Detection Systems,1,Detection & Classification
fea23a1b2af67aa2c59aef5c98a0751edae37132,ULTRA: Ultimate Rootkit Detection over the Air,2022,Duy-Phuc Pham; D. Marion; Annelie Heuser,International Symposium on Recent Advances in Intrusion Detection,7,ML-Based Intrusion Detection Systems,2,Defense & Mitigation
6ac46f39af2b00917a052922c1bae52cbff3e816,A Comprehensive Investigation into Integrating Artificial Intelligence and Machine Learning for Enhanced Cybersecurity,2023,Srinivas Rao,Universal Research Reports,2,Threat Intelligence & Kill Chain Modeling,2,Defense & Mitigation
43d820e538f4df07548ff459cce02ddea54c97b6,AI-Driven Cyber Threat Detection and Response,2023,Blessings Samuel,International Journal of Emerging Research in Engineering and Technology,2,Threat Intelligence & Kill Chain Modeling,2,Defense & Mitigation
4a6ff9b5b9c3d22fd1b2ad106475a5133f432460,AI-Driven Supply Chain Threat Intelligence: Real-Time Detection of Cyber Attacks on Manufacturing and Logistics Networks,2023,Omowunmi Folashayo Makinde; N. Akande; Udoka Cynthia Duruemeruo; Uju Judith Eziokwu; O. Olasehan,International Journal of Multidisciplinary Research and Growth Evaluation,2,Threat Intelligence & Kill Chain Modeling,2,Defense & Mitigation
55d519f27a769058aed4878d13141337eb30b289,AI-driven security for next-generation data centers: Conceptualizing autonomous threat detection and response in cloud-connected environments,2023,Sunday Adeola Oladosu; Adebimpe Bolatito Ige; Christian Chukwuemeka Ike; Peter Adeyemo Adepoju; Olukunle Oladipupo Amoo; Adeoye Idowu Afolabi,GSC Advanced Research and Reviews,1,Zero-Day Exploits & Vulnerability Analysis,1,Zero-Day Exploits & Vulnerability Analysis
6964d1c868534db1f2cc109184afc41c6ac8f2b3,APT Adversarial Defence Mechanism for Industrial IoT Enabled Cyber-Physical System,2023,Safdar Hussain Javed; M. Ahmad; Muhammad Asif; Waseem Akram; Khalid Mahmood; A. Das; Sachin Shetty,IEEE Access,7,ML-Based Intrusion Detection Systems,1,Detection & Classification
7e9cc2733b4124164ef41e3347cf73729f93eb8d,Advanced Persistent Threat Datasets for Industrial IoT : A Survey,2023,Arpna Saxena; Sangeeta Mittal,International Conference on Intelligent Control and Instrumentation,7,ML-Based Intrusion Detection Systems,2,Defense & Mitigation
cd15dd0fb1fabbf95a2366805e2df1a8dfe09bd6,Advanced Persistent Threat Detection Using Data Provenance and Metric Learning,2023,Khandakar Ashrafi Akbar; Yigong Wang; G. Ayoade; Y. Gao; A. Singhal; L. Khan; B. Thuraisingham; Kangkook Jee,IEEE Transactions on Dependable and Secure Computing,4,Financial Theft & Ransomware Operations,2,Defense & Mitigation
63df0830d40f97cdab9545a2f8365da68eb0c489,Advanced techniques for cyber threat intelligence-based APT detection and mitigation in cloud environments,2023,Adel Alshaikh; Mohammed Alanesi; Daoguo Yang; Abdulrahman M. Alshaikh,Other Conferences,3,Malware Analysis & Reverse Engineering,1,Detection & Classification
9c1db103d8e93092d1ea14121f26f645fbc27014,Apt Detection of Ransomware - An Approach to Detect Advanced Persistent Threats Using System Call Information,2023,Rudra Prasad Baksi; Vishwas Nalka; Shambhu J. Upadhyaya,"International Conference on Trust, Security and Privacy in Computing and Communications",3,Malware Analysis & Reverse Engineering,1,Detection & Classification
f724d1b9a435c803833c67d0fda549ba1808bc7d,"Artificial Intelligence–Enabled Threat Detection, Mitigation, and Resilience Frameworks for Sovereign Networks",2023,Vivekanandan Govindan Ekambaram,International Journal of Multidisciplinary Evolutionary Research,2,Threat Intelligence & Kill Chain Modeling,2,Defense & Mitigation
47bde7190f457a2f9bccbcef3f12af9b10f64fa4,Cybersecurity Threat Prediction Using Machine Learning,2023,Venkata Sai Swaroop Reddy,International Journal of Science and Research (IJSR),2,Threat Intelligence & Kill Chain Modeling,2,Defense & Mitigation
9ad5eb5d519b4a44450037df1f1768d8a34f255a,Deep Reinforcement Learning for Advanced Persistent Threat Detection in Wireless Networks,2023,Kazeem Saheed; Shagufta Henna,Irish Conference on Artificial Intelligence and Cognitive Science,7,ML-Based Intrusion Detection Systems,1,Detection & Classification
0a336ac7f24a18337829bbdf3a986b3ef37f7c7d,Forensic Analysis of APT Attacks based on Unsupervised Machine Learning,2023,Mohammed ADNAN; Dima Bshara; Ahmed Awad,European Journal of Science and Technology,4,Financial Theft & Ransomware Operations,2,Defense & Mitigation
44e2241c52e9184221c4b6c419018dd0f1067226,Interpreting GNN-based IDS Detections Using Provenance Graph Structural Features,2023,Kunal Mukherjee; Joshua Wiedemeier; Tianhao Wang; Muhyun Kim; Feng Chen; Murat Kantarcioglu; Kangkook Jee,arXiv.org,5,Provenance Graphs & Attack Forensics,2,Detection & Classification
c2cb491e3c3031a2d6bab1c01021d0c1c5ca1fba,Machine Learning-Driven Threat Detection in Multi-Cloud Environments,2023,Sri Ramya Deevi,International Journal of Computing and Engineering,1,Zero-Day Exploits & Vulnerability Analysis,1,Zero-Day Exploits & Vulnerability Analysis
675b013bdf3c7072544950e6343e97a7644ab3d6,On the detection of lateral movement through supervised machine learning and an open-source tool to create turnkey datasets from Sysmon logs,2023,Christos Smiliotopoulos; G. Kambourakis; Konstantia Barbatsalou,International Journal of Information Security,4,Financial Theft & Ransomware Operations,2,Defense & Mitigation
6f5408e37aa61076c895deaf493cfa2cbba9fe00,Survey of Malicious PDF Attacks,2023,Shuhan Wang,Frontiers in Computing and Intelligent Systems,3,Malware Analysis & Reverse Engineering,2,Attribution & Tracking
a3bdb08664353e3f2aafb3493fad9549e19dfd88,User Behavior Analytics and Mitigation Strategies through Identity and Access Management Solutions: Enhancing Cybersecurity with Machine Learning and Emerging Technologies,2023,Surendra Vitla,Turkish Journal of Computer and Mathematics Education,2,Threat Intelligence & Kill Chain Modeling,1,Behavioral Analysis
37f7906064680ff85d536a60a0bb162d83a3f309,Cyber Threat Detection Using Machine Learning,2024,Prakriti Prakriti,INTERANTIONAL JOURNAL OF SCIENTIFIC RESEARCH IN ENGINEERING AND MANAGEMENT,3,Malware Analysis & Reverse Engineering,1,Detection & Classification
1868c61b82801408521cf0fca4396a698311b5d5,Cyber Threat Intelligence in Intrusion Detection: A Systematic Review of Detection Strategies,2024,Parag Deoskar; A. K. Sachan,International Journal of Information Technology and Management,7,ML-Based Intrusion Detection Systems,1,Detection & Classification
b2d6c650d820d01677c232ca7e98387a572ce6a3,"Cybersecurity Framework for Banking Systems: A Multi-Layer Defense Architecture Using Machine Learning, Microservices, and Zero-Trust Principles",2024,Ravi Kumar Ireddy,World Journal of Advanced Research and Reviews,1,Zero-Day Exploits & Vulnerability Analysis,1,Zero-Day Exploits & Vulnerability Analysis
87063eaf0b9bcc26bfc32e652cad5e9887d49040,Data-Driven Framework for Cloud Storage Security Optimization: Leveraging Predictive Analytics and Machine Learning to Enhance Threat Detection and Incident Response,2024,Ms. V. Ramya; V. J. Mr; R. PavanL; Ms; R. PreethuB; S. MsChandana; Majeti Naveen; M. N. Mr; Prashanth Sagar,Journal of Electrical Systems,1,Zero-Day Exploits & Vulnerability Analysis,1,Zero-Day Exploits & Vulnerability Analysis
100a71d879d48e1f7a67714d3f914385edfa0d66,Evaluating Machine Learning Techniques for ICS Security: Insights from Dataset Limitations and Classifier Performance,2024,Eslam Amer; Tamer Elboghdadly,"2024 International Mobile, Intelligent, and Ubiquitous Computing Conference (MIUCC)",7,ML-Based Intrusion Detection Systems,1,Detection & Classification
11ff4fa759c85b4aceeca66fa67c07a5aa44db92,FedHE-Graph: Federated Learning with Hybrid Encryption on Graph Neural Networks for Advanced Persistent Threat Detection,2024,Atmane Ayoub Mansour Bahar; Kamel Soaïd Ferrahi; Mohamed-Lamine Messai; H. Seba; Karima Amrouche,ARES,5,Provenance Graphs & Attack Forensics,2,Detection & Classification
b9229b862983e154888a1242f507afe4d6c42142,Impact of AI on cybersecurity and security compliance,2024,Adebola Folorunso; Temitope Adewumi; Adeola Adewa; Roy Okonkwo; Tayo Nathaniel Olawumi,Global Journal of Engineering and Technology Advances,2,Threat Intelligence & Kill Chain Modeling,2,Defense & Mitigation
4890f6ac1caff07b54f60ba186c8bafb558a54c1,Obfuscating Provenance-Based Forensic Investigations with Mapping System Meta-Behavior,2024,Anyuan Sang; Yuchen Wang; Li Yang; Junbo Jia; Lu Zhou,International Symposium on Recent Advances in Intrusion Detection,5,Provenance Graphs & Attack Forensics,2,Detection & Classification
4f315c62ec9fdeae84917203ecd58710844a46b2,Performance Evaluation Elastic Security as Open Source Endpoint Detection and Response for Advanced Persistent Threat Cyberattack,2024,Zegar Pradipta Putra; Ruki Harwahyu; Evans Hebert,"International Journal of Electrical, Computer, and Biomedical Engineering",3,Malware Analysis & Reverse Engineering,1,Detection & Classification
fff6d1e2bb72ed94f43257567d5a0fa9555a7ad3,Predicting Future Cyber Threats: Analysing Trends and Predicting Future Cybersecurity Challenges,2024,Richard Aggrey; Emmanuel Adjirachor; Bright Ansah Adjei; Nana Adwoa Dsane; Karl Osei Afoduo,International Journal For Multidisciplinary Research,2,Threat Intelligence & Kill Chain Modeling,2,Defense & Mitigation
e0ce5fd5cdd126ade3abac2d48ae69d73b4f8002,Reimagining U.S. Cyber Defense Through Intelligent Automation,2024,Md Ismail Jobiullah; Sakera Begum; Jawad Sarwar; Amit Gupta; Vivek Kumar,International Journal of Scientific Research and Modern Technology,2,Threat Intelligence & Kill Chain Modeling,2,Defense & Mitigation
8f322699ce2696ab376325effabfefbfbff25f93,Research on Intelligent Cybersecurity Protection System in Cloud Computing Environment,2024,Yi Wang,Innovation Science and Technology,1,Zero-Day Exploits & Vulnerability Analysis,1,Zero-Day Exploits & Vulnerability Analysis
7e39a2ca9fe2833513b1619e0bf7c11b1a2c31fe,Robust Network Anomaly Detection with K-Nearest Neighbors (KNN) Enhanced Digital Twins,2024,Peprah Obed Adjei; S. Tetarave; C. John; Madlyn Manneh; Parthasarathi Pattnayak,SoutheastCon,4,Financial Theft & Ransomware Operations,1,Detection & Classification
0fd8abfac6ea1180837c7e90541f2152034cf6cb,A Comparative Analysis of Machine Learning and Deep Learning Approaches for Multi Media Cybersecurity Threat Detection,2025,Anusha Lahoti; Apoorva Yadav; Nimisha Bhandari; Dolly Panthi; Deepak Sain,2025 3rd International Conference on Intelligent Cyber Physical Systems and Internet of Things (ICoICI),2,Threat Intelligence & Kill Chain Modeling,2,Defense & Mitigation
c602fc710f0fd22852124f8e4f847b67232fda67,A deep Q-learning approach for adaptive cybersecurity threat detection in dynamic networks,2025,P. Bharathi; S. Selvaperumal; Narendran Ramasenderan; V. Thiruchelvam; Deepak Arun Annamalai; M. Jaya; B. Reddy,Bulletin of Electrical Engineering and Informatics,2,Threat Intelligence & Kill Chain Modeling,2,Defense & Mitigation
f00dae1f646f01113477ab213ccafcbf7b691bda,AI for Cybersecurity Threat Detection: A Machine Enabled Computing Perspective,2025,Mandakani Mishra; R. Pradhan; Kesab Agrawalla; Raveendranadh Bokka,"2025 International Conference on Advancements in Smart, Secure and Intelligent Computing (ASSIC)",2,Threat Intelligence & Kill Chain Modeling,2,Defense & Mitigation
b1c48ccfa8b6a4f71f1f699f0356b3c49f3e68bd,AI-Driven Deception Systems for Advanced Persistent Threat (APT) Mitigation,2025,Abdullahel Hadi; Syed Nurul Islam; A. Khan; Muhammad Ismaeel Khan; Manu Kumar Misra; Aftab Arif,2025 IEEE 6th Global Conference for Advancement in Technology (GCAT),7,ML-Based Intrusion Detection Systems,2,Defense & Mitigation
de7f94e0c5f2a453d831aa6488e707b1eb2f9936,AI-Enabled Cyber Defense: Machine Learning for Threat Detection and Classification Mechanism,2025,Gurnoor Kaur; Gurpreet Singh; Rupinder Kaur,2025 IEEE 3rd Global Conference on Wireless Computing and Networking (GCWCN),2,Threat Intelligence & Kill Chain Modeling,2,Defense & Mitigation
2fa411fe37a967c7e1e71787bbd8bc67ce5ada42,AI-enhanced cloud security monitoring: Detecting advanced persistent threats and intrusions using deep autoencoders and hybrid machine learning techniques,2025,Rahul Jadon; Rajababu Budda; venkata Surya Teja Gollapalli; Kannan Srinivasan; Guman Singh Chauhan; R Prema,Global Journal of Engineering and Technology Advances,7,ML-Based Intrusion Detection Systems,1,Detection & Classification
4fecd94b0fa81a8f4abdf2f7d414a3f577897dda,Advanced Persistent Threat (APT) Detection Using Context-Aware Machine Learning Models,2025,Bhavanavika R N PG Student; Dr. M. Priya,IEEE International Conference on Circuits and Systems for Communications,4,Financial Theft & Ransomware Operations,2,Defense & Mitigation
ac46a4ecab5c523bd4c7cda98d2719451a7144e4,Advanced Persistent Threat (APT) Detection in Linux Systems Using Machine Learning on the Enhanced DAPT 2020 Dataset,2025,Yogesh Revansiddha Maindargi; Deepak D. Kshirsagar,International Conference on Computing Communication Control and automation,4,Financial Theft & Ransomware Operations,2,Defense & Mitigation
e61f3485c5ba81840f9d34d9b3d05e4adff310b9,Advanced Persistent Threat Detection System using Network Traffic Analysis,2025,A. S; Prakash G L; Surekha K B,"2025 International Conference on Electronics and Computing, Communication Networking Automation Technologies (ICEC2NT)",7,ML-Based Intrusion Detection Systems,1,Detection & Classification
636e3226722c1e764b12f8679bb28d48d390dd3e,Comparative Analysis of Transformer and LSTM Architectures for Cybersecurity Threat Detection Using Machine Learning,2025,Jobanpreet Kaur; Mani Prabha; Md Samiun; Syed Nazmul Hasan; Rakibul Hasan; H. Esa; Md Fakhrul Hasan Bhuiyan; Md Abdur Rob; Durga Shahi,EAI Endorsed Transactions on AI and Robotics,5,Provenance Graphs & Attack Forensics,1,Defense & Mitigation
d5d65ca250dba469e45279138eef7b1efb23605b,Design and Deployment of Deception-Based Honeypot Systems for Early Detection of Advanced Persistent Threats,2025,Pradyot M Khajuria,IEEE International Conference on Renewable Energy Research and Applications,7,ML-Based Intrusion Detection Systems,2,Defense & Mitigation
946a56e40e6710b32dabc2c4d90252125481d061,Hybrid Ensemble and Deep Learning Architectures for Advanced Persistent Threat Detection,2025,Saleeem Ishaq Tijjani; Bogdan Ghita; Nathan Clarke; Matthew Craven,"IEEE Annual Information Technology, Electronics and Mobile Communication Conference",7,ML-Based Intrusion Detection Systems,1,Detection & Classification
e5a88f3ec22a436a576e080d5b60db035d6b0df0,Integrating Behavioral Science and Cyber Threat Intelligence (CTI) to Counter Advanced Persistent Threats (APTs) and Reduce Human-Enabled Security Breaches,2025,Matthew Onuh Ijiga; Hamed Salam Olarinoye; F. Yeboah; Joy Nnenna Okolo,International Journal of Scientific Research and Modern Technology,2,Threat Intelligence & Kill Chain Modeling,1,Behavioral Analysis
9df9d1ecdaafad69a6b608e7a90c7ae739207f44,Leveraging Large Language Models and Machine Learning for Cyber Threat Intelligence: Detecting Advanced Persistent Threats in Saudi Arabia,2025,A. A. Alghamdi,International Conference on Orange Technologies,5,Provenance Graphs & Attack Forensics,1,Defense & Mitigation
6fc74e4567296b1652c6d7673a196af95fe18b90,Performance Comparison Analysis of Conventional and Advanced Machine Learning Algorithms for APT Malware Detection,2025,Alifya Kayla Shafa Susanto; Ilham Achmad Fiqrin; R. Patchmuthu; Sharul Tajuddin; Darwis Setiawan Waruwu; Ofelius Laia,2025 7th International Conference on Applied Computational Intelligence in Information Systems (ACIIS),3,Malware Analysis & Reverse Engineering,1,Detection & Classification
308392b1d01709b48f3c7b0ea75d986cba5d6793,Quantum Machine Learning for Cyber Threat Detection: Enhancing Security in the Quantum Era,2025,Mohammed abdulhamza Noor,CyberSystem Journal,6,Cyber Espionage & Nation-State Attribution,1,Cyber Espionage & Nation-State Attribution
e167ae78206a1130b158b9c471273ff4e97adb5c,Threatify: APT Threat Variant Generation Using Graph-Based Machine Learning,2025,Boubakr Nour; M. Pourzandi; Mourad Debbabi,IEEE Transactions on Network and Service Management,5,Provenance Graphs & Attack Forensics,1,Defense & Mitigation
06c24314e2a474c8608a0d1f6be4cfc7c1b9ab3c,User Behavior Analysis for Cyber Threat Detection: A Comparative Study of Machine Learning Algorithms,2025,Anant Wairagade; Sumit Ranjan,International Symposium on Digital Forensics and Security,2,Threat Intelligence & Kill Chain Modeling,1,Behavioral Analysis
e9c01a25d2c2249bc4bef2f58e44c2eafcd2d28d,A Hybrid Self-Supervised Learning Framework for Advanced Persistent Threat Detection,2026,Marwan Albahar,"Computers, Materials &amp; Continua",5,Provenance Graphs & Attack Forensics,2,Detection & Classification
9cb2fdbcfe49c6e590e5c84d14e1a7d85bd8c561,ADVANCING CYBER THREAT INTELLIGENCE WITH MACHINE LEARNING AND OSINT,2026,Spoorthi B S; Namana D C; Rohan K; Amrutha H P,RCHUB JOURNAL OF COMPUTATIONAL INTELLIGENCE SCIENCE AND ENGINEERING (JCISE),2,Threat Intelligence & Kill Chain Modeling,2,Defense & Mitigation
341d785475da2663203fc3ccaa1bca71968310bb,"AGENTIC AI AND CYBER SECURITY: AUTONOMOUS THREAT HUNTING, INTRUSION DETECTION, AND ADAPTIVE DEFENSE MECHANISMS IN A WORLD OF INCREASINGLY SOPHISTICATED CYBER ATTACKS",2026,Ajay Simha Rangappa,Journal of Digital Security and Forensics,2,Threat Intelligence & Kill Chain Modeling,2,Defense & Mitigation
ec652a5a8f26d165372a0020331fc6b68b889076,AI-Powered Adaptive Honeypot for Advanced Threat Intelligence,2026,Fatima M. Inamdar; Francis Muanawma; Aditya Gandhi; J. Vanlalruati; T. Jadhav,International Research Journal on Advanced Engineering Hub (IRJAEH),7,ML-Based Intrusion Detection Systems,2,Defense & Mitigation
30b59cd3bceac63b23ab95503802b49ff2c887ae,Adaptive AI-Driven Threat Intelligence Framework for Proactive Cyber Defense in Dynamic Network Environments,2026,Mohit Garg; Phani Rohitha Kaza; Akash Kilaru; Syed Sadique Basha; Chaitanya Gunupudi; Kalyana Krishna Kondapalli,2026 International Conference on AI-Driven Smart Systems and Ubiquitous Computing (ICAUC),2,Threat Intelligence & Kill Chain Modeling,2,Defense & Mitigation
27f525fbb534b8a806b9d1410fd5a1628e570f70,Cybersecurity Threat Detection System,2026,Kushal T.S; Prof.Sunita Kallu; Bheemrao Kottenavar,International Journal of Scientific Research in Engineering and Management,2,Threat Intelligence & Kill Chain Modeling,2,Defense & Mitigation
7996db3a4bb1e0e97578e1b7bc3ef53d27559c55,Data Science and Its Role in Cybersecurity: Leveraging Advanced Analytics for Robust Def,2026,Vedant Bachhav; M. Attar; Neha Yeola,International Journal of Science and Research (IJSR),2,Threat Intelligence & Kill Chain Modeling,2,Defense & Mitigation
5f6f7b20b25fcc84bf9447764ecdec868d0ad7cb,Deep Recurrent Hidden Markov Learning Framework for Multi-Stage Advanced Persistent Threat Prediction,2026,Saleem Ishaq Tijjani; Bogdan Ghita; Nathan Clarke; Matthew Craven,arXiv.org,7,ML-Based Intrusion Detection Systems,1,Detection & Classification
5ef6aba1d1ad9496c5b5f8940892cedbeb1f76bb,Dynamic Adaptive Aggregation and Feature Pyramid Network Enhanced GraphSAGE for Advanced Persistent Threat Detection in Next-Generation Communication Networks,2026,Liang Kou; Xiaochen Pan; Guozhong Dong; Meiyu Wang; Chunyu Miao; Jilin Zhang; Pingxia Duan,IEEE Transactions on Network and Service Management,5,Provenance Graphs & Attack Forensics,2,Detection & Classification
3e9b342e587278bebf72ad6fb3cf8adec4d65d25,Edge-Deployable ML Agent for Real-Time Tactic and Technique Attribution in Microgrid Security,2026,Suresh Mogilicharla; Manoj Tripathy; Mital Kanabar,IEEE transactions on industry applications,7,ML-Based Intrusion Detection Systems,2,Defense & Mitigation
c62140652084cb73af1bc348ff2411650a50863a,Encrypted Network Traffic Analysis for Real-Time Cybersecurity Threat Detection,2026,D. Sreenivasulu,International Journal for Research in Applied Science and Engineering Technology,4,Financial Theft & Ransomware Operations,1,Detection & Classification
e1687ac26be287a0fe54ff45ad158d28a886b943,Enhancing Cybersecurity Resilience through AI-Driven Threat Detection and Automated Incident Response in Modern Networks,2026,Putha Sateesh Kumar,International Journal for Research in Applied Science and Engineering Technology,2,Threat Intelligence & Kill Chain Modeling,2,Defense & Mitigation
67dce7063f009fe877c0f822d656035a156edbcc,Exploring and Evaluating the Application of Quantum Computing Techniques in Enhancing the Performance of Intrusion Detection Systems (IDS),2026,D. Fiase; Kwadwo Opoku Attah; N. Nelson; P. Agyeman,International Journal for Research in Applied Science and Engineering Technology,6,Cyber Espionage & Nation-State Attribution,1,Cyber Espionage & Nation-State Attribution
6934fbe57ef6450d28ac1c90b47b2a602976458a,Multi-Modal Deep Learning Architecture for Advanced Persistent Threat Detection in Cloud Networks,2026,K. Suram,2026 25th International Symposium INFOTEH-JAHORINA (INFOTEH),7,ML-Based Intrusion Detection Systems,1,Detection & Classification
bcf201bfeb7b41322822f9612eba0de90818e3d1,Neurosymbolic Learning for Advanced Persistent Threat Detection under Extreme Class Imbalance,2026,Quhura Fathima; Neda Moghim; M. T. Firouzjaee; C. K. Thomas; Ross J. Gore; Walid Saad,arXiv.org,7,ML-Based Intrusion Detection Systems,1,Detection & Classification
9c9b79fffeabe3ae6272503e2b6d8fae360a90b7,Semantic-Aware Advanced Persistent Threat Detection Using Autoencoders on LLM-Encoded System Logs,2026,W. Mohammed; Zahirul Arief Irfan Bin Shahrul Anuar; Mousa Sufian Mousa Mitani; H. A. Karim; Nouar Aldahoul,arXiv.org,7,ML-Based Intrusion Detection Systems,1,Detection & Classification
f16d04842c2c54acf305c982e1e520d89094364a,Windows-APT 2025: A dataset for APT-inspired attack scenarios on windows systems.,2026,Maryam Mozaffari; Abbas Yazdinejad; Ali Dehghantanha,Data in Brief,4,Financial Theft & Ransomware Operations,2,Defense & Mitigation
